{
	"format_version": "1.12.0",
	"minecraft:geometry": [
		{
			"description": {
				"identifier": "geometry.connected_pane_1",
				"texture_width": 16,
				"texture_height": 16,
				"visible_bounds_width": 2,
				"visible_bounds_height": 2.5,
				"visible_bounds_offset": [0, 0.75, 0]
			},
			"bones": [
				{
					"name": "block",
					"pivot": [0, 0, 0]
				},
				{
					"name": "base",
					"parent": "block",
					"pivot": [0, 0, 0]
				},
				{
					"name": "bup",
					"parent": "base",
					"pivot": [0, 0, 0],
					"cubes": [
						{
							"origin": [-1, 16, -1],
							"size": [2, 0, 2],
							"uv": {
								"up": {"uv": [9, 9], "uv_size": [-2, -2], "material_instance": "updo"}
							}
						}
					]
				},
				{
					"name": "bdown",
					"parent": "base",
					"pivot": [0, -16, 0],
					"cubes": [
						{
							"origin": [-1, 0, -1],
							"size": [2, 0, 2],
							"uv": {
								"down": {"uv": [7, 9], "uv_size": [2, -2], "material_instance": "updo"}
							}
						}
					]
				},
				{
					"name": "bnorth",
					"parent": "base",
					"pivot": [0, -16, 0]
				},
				{
					"name": "bsouth",
					"parent": "base",
					"pivot": [0, -16, 0]
				},
				{
					"name": "beast",
					"parent": "base",
					"pivot": [0, -16, 0]
				},
				{
					"name": "bwest",
					"parent": "base",
					"pivot": [0, -16, 0]
				},
				{
					"name": "border",
					"parent": "block",
					"pivot": [0, 0, 0]
				},
				{
					"name": "north",
					"parent": "border",
					"pivot": [0, 0, 0]
				},
				{
					"name": "nu",
					"parent": "north",
					"pivot": [0, 0, 0],
					"cubes": [
						{
							"origin": [-1, 15, -1],
							"size": [2, 1, 0],
							"uv": {
								"north": {"uv": [0, 0], "uv_size": [0, 0], "material_instance": "border"}
							}
						}
					]
				},
				{
					"name": "nd",
					"parent": "north",
					"pivot": [0, 0, 0],
					"cubes": [
						{
							"origin": [-1, 0, -1],
							"size": [2, 1, 0],
							"uv": {
								"north": {"uv": [0, 0], "uv_size": [0, 0], "material_instance": "border"}
							}
						}
					]
				},
				{
					"name": "nl",
					"parent": "north",
					"pivot": [0, 0, 0]
				},
				{
					"name": "south",
					"parent": "border",
					"pivot": [0, 0, 2]
				},
				{
					"name": "su",
					"parent": "south",
					"pivot": [0, 0, 2],
					"cubes": [
						{
							"origin": [-1, 15, 1],
							"size": [2, 1, 0],
							"uv": {
								"south": {"uv": [0, 0], "uv_size": [0, 0], "material_instance": "border"}
							}
						}
					]
				},
				{
					"name": "sd",
					"parent": "south",
					"pivot": [0, -15, 2],
					"cubes": [
						{
							"origin": [-1, 0, 1],
							"size": [2, 1, 0],
							"uv": {
								"south": {"uv": [0, 0], "uv_size": [0, 0], "material_instance": "border"}
							}
						}
					]
				},
				{
					"name": "sr",
					"parent": "south",
					"pivot": [0, -15, 2]
				},
				{
					"name": "east",
					"parent": "border",
					"pivot": [0, 0, 0]
				},
				{
					"name": "eu",
					"parent": "east",
					"pivot": [0, 0, 0],
					"cubes": [
						{
							"origin": [-1, 15, -1],
							"size": [0, 1, 2],
							"uv": {
								"east": {"uv": [7, 0], "uv_size": [2, 1], "material_instance": "border"}
							}
						}
					]
				},
				{
					"name": "ed",
					"parent": "east",
					"pivot": [0, -15, 0],
					"cubes": [
						{
							"origin": [-1, 0, -1],
							"size": [0, 1, 2],
							"uv": {
								"east": {"uv": [7, 15], "uv_size": [2, 1], "material_instance": "border"}
							}
						}
					]
				},
				{
					"name": "er",
					"parent": "east",
					"pivot": [0, -15, 0]
				},
				{
					"name": "west",
					"parent": "border",
					"pivot": [0, 0, 2]
				},
				{
					"name": "wu",
					"parent": "west",
					"pivot": [0, 0, 2],
					"cubes": [
						{
							"origin": [1, 15, -1],
							"size": [0, 1, 2],
							"uv": {
								"west": {"uv": [7, 0], "uv_size": [2, 1], "material_instance": "border"}
							}
						}
					]
				},
				{
					"name": "wd",
					"parent": "west",
					"pivot": [0, -15, 2],
					"cubes": [
						{
							"origin": [1, 0, -1],
							"size": [0, 1, 2],
							"uv": {
								"west": {"uv": [7, 15], "uv_size": [2, 1], "material_instance": "border"}
							}
						}
					]
				},
				{
					"name": "wl",
					"parent": "west",
					"pivot": [0, -15, 2]
				}
			]
		}
	]
}