{
  "format_version": "1.12",
  "minecraft:recipe_shaped": {
    "description": {
    "identifier": "minecraft:wandering_trader_spawn_egg"
    },

    
    "tags": [ "crafting_table" ],
    "pattern": [
      "###",
      "#M#",
      "###"
    ],
    "key": {
      "#": {
        "item": "minecraft:emerald_block"
      },
      "M": {
        "item": "minecraft:totem_of_undying"
      }
    },
    "result": {
      "item": "minecraft:wandering_trader_spawn_egg",
      "count": 1
    }
  }
}