{
    "format_version": "1.21.70",
    "minecraft:block": {
        "description": {
            "identifier": "gao:connected_yellow_glass_pane",
            "states": {
                "gao:connected_north": [false, true],
                "gao:connected_east": [false, true],
                "gao:connected_south": [false, true],
                "gao:connected_west": [false, true],
                "gao:connected_up": [false, true],
                "gao:connected_down": [false, true],
                
                "gao:connected_north_b": [false, true],
                "gao:connected_east_b": [false, true],
                "gao:connected_south_b": [false, true],
                "gao:connected_west_b": [false, true]
            }
        },
        "components": {
            "gao:connected_block": {},
            "minecraft:item_visual": {
                "geometry": "geometry.glass_pane_visual",
                "material_instances": {
                    "ud": {
                        "texture": "yellow_stained_glass_pane_top",
                        "render_method": "blend" ,
                        "ambient_occlusion": false
                    },
                    "*": {
                        "texture": "yellow_stained_glass",
                        "render_method": "blend" ,
                        "ambient_occlusion": false
                    }
                }
            },
            "minecraft:light_dampening": 0,
            "minecraft:loot": "loot_tables/empty.json",  
            "minecraft:destructible_by_mining": {
                "seconds_to_destroy": 0.3
            },
            "minecraft:material_instances": {
                "base": {
                    "texture": "gao:cglass_base_yellow",
                    "render_method": "blend" ,
                    "ambient_occlusion": false
                },
                "border": {
                    "texture": "gao:cglass_border_yellow",
                    "render_method": "blend" ,
                    "ambient_occlusion": false
                },
                "*": {
                    "texture": "gao:cglass_pane_yellow",
                    "render_method": "blend" ,
                    "ambient_occlusion": false
                }
            },
            "minecraft:display_name": "Connected Yellow Glass Pane"
        },
        "permutations": [
            {
                "condition": "!q.block_state('gao:connected_north') && !q.block_state('gao:connected_south') &&!q.block_state('gao:connected_east') &&!q.block_state('gao:connected_west')",
                "components": {
                    "minecraft:selection_box": {
                        "origin": [-1, 0, -1],
                        "size": [2, 16, 2]
                    },
                    "minecraft:collision_box": {
                        "origin": [-1, 0, -1],
                        "size": [2, 16, 2]
                    },
                    "minecraft:geometry": {
                        "identifier": "geometry.connected_pane_1",
                        "bone_visibility": {
                            "bup": "!q.block_state('gao:connected_up')",
                            "bdown": "!q.block_state('gao:connected_down')",

                            "wu": "!q.block_state('gao:connected_up')",
                            "wd": "!q.block_state('gao:connected_down')",

                            "eu": "!q.block_state('gao:connected_up')",
                            "ed": "!q.block_state('gao:connected_down')",

                            "nu": "!q.block_state('gao:connected_up')",
                            "nd": "!q.block_state('gao:connected_down')",

                            "su": "!q.block_state('gao:connected_up')",
                            "sd": "!q.block_state('gao:connected_down')"
                        }
                    }
                }
            },
            {
                "condition": "q.block_state('gao:connected_north') || q.block_state('gao:connected_north_b')",
                "components": {
                    "minecraft:selection_box": {
                        "origin": [-1, 0, -8],
                        "size": [2, 16, 9]
                    },
                    "minecraft:collision_box": {
                        "origin": [-1, 0, -8],
                        "size": [2, 16, 9]
                    },
                    "minecraft:geometry": {
                        "identifier": "geometry.connected_pane_2",
                        "bone_visibility": {
                            "bup": "!q.block_state('gao:connected_up')",
                            "bdown": "!q.block_state('gao:connected_down')",

                            "su": "!q.block_state('gao:connected_up')",
                            "sd": "!q.block_state('gao:connected_down')",
        
                            "wu": "!q.block_state('gao:connected_up')",
                            "wd": "!q.block_state('gao:connected_down')",
                            "wl": "!q.block_state('gao:connected_north')",
        
                            "eu": "!q.block_state('gao:connected_up')",
                            "ed": "!q.block_state('gao:connected_down')",
                            "er": "!q.block_state('gao:connected_north')"
                        }
                    }
                }
            },
            {
                "condition": "q.block_state('gao:connected_south') || q.block_state('gao:connected_south_b')",
                "components": {
                    "minecraft:transformation": { "rotation": [0,180,0]},
                    "minecraft:selection_box": {
                        "origin": [-1, 0, -8],
                        "size": [2, 16, 9]
                    },
                    "minecraft:collision_box": {
                        "origin": [-1, 0, -8],
                        "size": [2, 16, 9]
                    },
                    "minecraft:geometry": {
                        "identifier": "geometry.connected_pane_2",
                        "bone_visibility": {
                            "bup": "!q.block_state('gao:connected_up')",
                            "bdown": "!q.block_state('gao:connected_down')",

                            "su": "!q.block_state('gao:connected_up')",
                            "sd": "!q.block_state('gao:connected_down')",
        
                            "wu": "!q.block_state('gao:connected_up')",
                            "wd": "!q.block_state('gao:connected_down')",
                            "wl": "!q.block_state('gao:connected_south')",
        
                            "eu": "!q.block_state('gao:connected_up')",
                            "ed": "!q.block_state('gao:connected_down')",
                            "er": "!q.block_state('gao:connected_south')"
                        }
                    }
                }
            },
            {
                "condition": "q.block_state('gao:connected_east') || q.block_state('gao:connected_east_b')",
                "components": {
                    "minecraft:transformation": { "rotation": [0,-90,0]},
                    "minecraft:selection_box": {
                        "origin": [-1, 0, -8],
                        "size": [2, 16, 9]
                    },
                    "minecraft:collision_box": {
                        "origin": [-1, 0, -8],
                        "size": [2, 16, 9]
                    },
                    "minecraft:geometry": {
                        "identifier": "geometry.connected_pane_2",
                        "bone_visibility": {
                            "bup": "!q.block_state('gao:connected_up')",
                            "bdown": "!q.block_state('gao:connected_down')",

                            "su": "!q.block_state('gao:connected_up')",
                            "sd": "!q.block_state('gao:connected_down')",
        
                            "wu": "!q.block_state('gao:connected_up')",
                            "wd": "!q.block_state('gao:connected_down')",
                            "wl": "!q.block_state('gao:connected_east')",
        
                            "eu": "!q.block_state('gao:connected_up')",
                            "ed": "!q.block_state('gao:connected_down')",
                            "er": "!q.block_state('gao:connected_east')"
                        }
                    }
                }
            },
            {
                "condition": "q.block_state('gao:connected_west') || q.block_state('gao:connected_west_b')",
                "components": {
                    "minecraft:transformation": { "rotation": [0,90,0]},
                    "minecraft:selection_box": {
                        "origin": [-1, 0, -8],
                        "size": [2, 16, 9]
                    },
                    "minecraft:collision_box": {
                        "origin": [-1, 0, -8],
                        "size": [2, 16, 9]
                    },
                    "minecraft:geometry": {
                        "identifier": "geometry.connected_pane_2",
                        "bone_visibility": {
                            "bup": "!q.block_state('gao:connected_up')",
                            "bdown": "!q.block_state('gao:connected_down')",

                            "su": "!q.block_state('gao:connected_up')",
                            "sd": "!q.block_state('gao:connected_down')",
        
                            "wu": "!q.block_state('gao:connected_up')",
                            "wd": "!q.block_state('gao:connected_down')",
                            "wl": "!q.block_state('gao:connected_west')",
        
                            "eu": "!q.block_state('gao:connected_up')",
                            "ed": "!q.block_state('gao:connected_down')",
                            "er": "!q.block_state('gao:connected_west')"
                        }
                    }
                }
            },

            
            {
                "condition": "(q.block_state('gao:connected_north') || q.block_state('gao:connected_north_b')) && (q.block_state('gao:connected_south') || q.block_state('gao:connected_south_b'))",
                "components": {
                    "minecraft:selection_box": {
                        "origin": [-1, 0, -8],
                        "size": [2, 16, 16]
                    },
                    "minecraft:collision_box": {
                        "origin": [-1, 0, -8],
                        "size": [2, 16, 16]
                    },
                    "minecraft:geometry": {
                        "identifier": "geometry.connected_pane_3",
                        "bone_visibility": {
                            "bup": "!q.block_state('gao:connected_up')",
                            "bdown": "!q.block_state('gao:connected_down')",
        
                            "wu": "!q.block_state('gao:connected_up')",
                            "wd": "!q.block_state('gao:connected_down')",
                            "wl": "!q.block_state('gao:connected_south')",
                            "wr": "!q.block_state('gao:connected_north')",
        
                            "eu": "!q.block_state('gao:connected_up')",
                            "ed": "!q.block_state('gao:connected_down')",
                            "el": "!q.block_state('gao:connected_north')",
                            "er": "!q.block_state('gao:connected_south')"
                        }
                    }
                }
            },
            {
                "condition": "(q.block_state('gao:connected_east') || q.block_state('gao:connected_east_b')) && (q.block_state('gao:connected_west') || q.block_state('gao:connected_west_b'))",
                "components": {
                    
                    "minecraft:transformation": { "rotation": [0,90,0]},
                    "minecraft:selection_box": {
                        "origin": [-1, 0, -8],
                        "size": [2, 16, 16]
                    },
                    "minecraft:collision_box": {
                        "origin": [-1, 0, -8],
                        "size": [2, 16, 16]
                    },
                    "minecraft:geometry": {
                        "identifier": "geometry.connected_pane_3",
                        "bone_visibility": {
                            "bup": "!q.block_state('gao:connected_up')",
                            "bdown": "!q.block_state('gao:connected_down')",
        
                            "wu": "!q.block_state('gao:connected_up')",
                            "wd": "!q.block_state('gao:connected_down')",
                            "wl": "!q.block_state('gao:connected_west')",
                            "wr": "!q.block_state('gao:connected_east')",
        
                            "eu": "!q.block_state('gao:connected_up')",
                            "ed": "!q.block_state('gao:connected_down')",
                            "el": "!q.block_state('gao:connected_east')",
                            "er": "!q.block_state('gao:connected_west')"
                        }
                    }
                }
            },



            
            {
                "condition": "(q.block_state('gao:connected_east') || q.block_state('gao:connected_east_b')) && (q.block_state('gao:connected_north') || q.block_state('gao:connected_north_b'))",
                "components": {
                    "minecraft:transformation": { "rotation": [0,360,0]},
                    "minecraft:selection_box": {
                        "origin": [-8, 0, -8],
                        "size": [9, 16, 9]
                    },
                    
                    "minecraft:geometry": {
                        "identifier": "geometry.connected_pane_4",
                        "bone_visibility": {
                            "bup": "!q.block_state('gao:connected_up')",
                            "bdown": "!q.block_state('gao:connected_down')",
        
                            "wu": "!q.block_state('gao:connected_up')",
                            "wd": "!q.block_state('gao:connected_down')",
                            "wl": "!q.block_state('gao:connected_north')",
        
                            "eu": "!q.block_state('gao:connected_up')",
                            "ed": "!q.block_state('gao:connected_down')",
                            "er": "!q.block_state('gao:connected_north')",
        
                            "nu": "!q.block_state('gao:connected_up')",
                            "nd": "!q.block_state('gao:connected_down')",
                            "nl": "!q.block_state('gao:connected_east')",
        
                            "su": "!q.block_state('gao:connected_up')",
                            "sd": "!q.block_state('gao:connected_down')",
                            "sr": "!q.block_state('gao:connected_east')"
                        }
                    }
                }
            },
            
            {
                "condition": "(q.block_state('gao:connected_west') || q.block_state('gao:connected_west_b')) && (q.block_state('gao:connected_north') || q.block_state('gao:connected_north_b'))",
                "components": {
                    "minecraft:transformation": { "rotation": [0,90,0]},
                    "minecraft:selection_box": {
                        "origin": [-8, 0, -8],
                        "size": [9, 16, 9]
                    },
                    
                    "minecraft:geometry": {
                        "identifier": "geometry.connected_pane_4",
                        "bone_visibility": {
                            "bup": "!q.block_state('gao:connected_up')",
                            "bdown": "!q.block_state('gao:connected_down')",
        
                            "wu": "!q.block_state('gao:connected_up')",
                            "wd": "!q.block_state('gao:connected_down')",
                            "wl": "!q.block_state('gao:connected_west')",
        
                            "eu": "!q.block_state('gao:connected_up')",
                            "ed": "!q.block_state('gao:connected_down')",
                            "er": "!q.block_state('gao:connected_west')",
        
                            "nu": "!q.block_state('gao:connected_up')",
                            "nd": "!q.block_state('gao:connected_down')",
                            "nl": "!q.block_state('gao:connected_north')",
        
                            "su": "!q.block_state('gao:connected_up')",
                            "sd": "!q.block_state('gao:connected_down')",
                            "sr": "!q.block_state('gao:connected_north')"
                        }
                    }
                }
            },
            {
                "condition": "(q.block_state('gao:connected_west') || q.block_state('gao:connected_west_b')) && (q.block_state('gao:connected_south') || q.block_state('gao:connected_south_b'))",
                "components": {
                    "minecraft:transformation": { "rotation": [0,180,0]},
                    "minecraft:selection_box": {
                        "origin": [-8, 0, -8],
                        "size": [9, 16, 9]
                    },
                    
                    "minecraft:geometry": {
                        "identifier": "geometry.connected_pane_4",
                        "bone_visibility": {
                            "bup": "!q.block_state('gao:connected_up')",
                            "bdown": "!q.block_state('gao:connected_down')",
        
                            "wu": "!q.block_state('gao:connected_up')",
                            "wd": "!q.block_state('gao:connected_down')",
                            "wl": "!q.block_state('gao:connected_south')",
        
                            "eu": "!q.block_state('gao:connected_up')",
                            "ed": "!q.block_state('gao:connected_down')",
                            "er": "!q.block_state('gao:connected_south')",
        
                            "nu": "!q.block_state('gao:connected_up')",
                            "nd": "!q.block_state('gao:connected_down')",
                            "nl": "!q.block_state('gao:connected_west')",
        
                            "su": "!q.block_state('gao:connected_up')",
                            "sd": "!q.block_state('gao:connected_down')",
                            "sr": "!q.block_state('gao:connected_west')"
                        }
                    }
                }
            },
            {
                "condition": "(q.block_state('gao:connected_east') || q.block_state('gao:connected_east_b')) && (q.block_state('gao:connected_south') || q.block_state('gao:connected_south_b'))",
                "components": {
                    "minecraft:transformation": { "rotation": [0,-90,0]},
                    "minecraft:selection_box": {
                        "origin": [-8, 0, -8],
                        "size": [9, 16, 9]
                    },
                    "minecraft:geometry": {
                        "identifier": "geometry.connected_pane_4",
                        "bone_visibility": {
                            "bup": "!q.block_state('gao:connected_up')",
                            "bdown": "!q.block_state('gao:connected_down')",
        
                            "wu": "!q.block_state('gao:connected_up')",
                            "wd": "!q.block_state('gao:connected_down')",
                            "wl": "!q.block_state('gao:connected_east')",
        
                            "eu": "!q.block_state('gao:connected_up')",
                            "ed": "!q.block_state('gao:connected_down')",
                            "er": "!q.block_state('gao:connected_east')",
        
                            "nu": "!q.block_state('gao:connected_up')",
                            "nd": "!q.block_state('gao:connected_down')",
                            "nl": "!q.block_state('gao:connected_south')",
        
                            "su": "!q.block_state('gao:connected_up')",
                            "sd": "!q.block_state('gao:connected_down')",
                            "sr": "!q.block_state('gao:connected_south')"
                        }
                    }
                }
            },



            
            {
                "condition": "(q.block_state('gao:connected_north') || q.block_state('gao:connected_north_b')) && (q.block_state('gao:connected_east') || q.block_state('gao:connected_east_b')) && (q.block_state('gao:connected_south') || q.block_state('gao:connected_south_b'))",
                "components": {
                    "minecraft:transformation": { "rotation": [0,-90,0]},
                    "minecraft:selection_box": {
                        "origin": [-8, 0, -8],
                        "size": [16, 16, 9]
                    },
                    "minecraft:collision_box": {
                        "origin": [-1, 0, -8],
                        "size": [2, 16, 9]
                    },
                    "minecraft:geometry": {
                        "identifier": "geometry.connected_pane_5",
                        "bone_visibility": {
                            "bup": "!q.block_state('gao:connected_up')",
                            "bdown": "!q.block_state('gao:connected_down')",
        
                            "wu": "!q.block_state('gao:connected_up')",
                            "wd": "!q.block_state('gao:connected_down')",
                            "wl": "!q.block_state('gao:connected_east')",
        
                            "eu": "!q.block_state('gao:connected_up')",
                            "ed": "!q.block_state('gao:connected_down')",
                            "er": "!q.block_state('gao:connected_east')",
        
                            "nu": "!q.block_state('gao:connected_up')",
                            "nd": "!q.block_state('gao:connected_down')",
                            "nl": "!q.block_state('gao:connected_south')",
                            "nr": "!q.block_state('gao:connected_north')",
        
                            "su": "!q.block_state('gao:connected_up')",
                            "sd": "!q.block_state('gao:connected_down')",
                            "sl": "!q.block_state('gao:connected_north')",
                            "sr": "!q.block_state('gao:connected_south')"
                        }
                    }
                }
            },
            {
                "condition": "(q.block_state('gao:connected_north') || q.block_state('gao:connected_north_b')) && (q.block_state('gao:connected_west') || q.block_state('gao:connected_west_b')) && (q.block_state('gao:connected_south') || q.block_state('gao:connected_south_b'))",
                "components": {
                    "minecraft:transformation": { "rotation": [0,90,0]},
                    "minecraft:selection_box": {
                        "origin": [-8, 0, -8],
                        "size": [16, 16, 9]
                    },
                    "minecraft:collision_box": {
                        "origin": [-1, 0, -8],
                        "size": [2, 16, 9]
                    },
                    "minecraft:geometry": {
                        "identifier": "geometry.connected_pane_5",
                        "bone_visibility": {
                            "bup": "!q.block_state('gao:connected_up')",
                            "bdown": "!q.block_state('gao:connected_down')",
        
                            "wu": "!q.block_state('gao:connected_up')",
                            "wd": "!q.block_state('gao:connected_down')",
                            "wl": "!q.block_state('gao:connected_west')",
        
                            "eu": "!q.block_state('gao:connected_up')",
                            "ed": "!q.block_state('gao:connected_down')",
                            "er": "!q.block_state('gao:connected_west')",
        
                            "nu": "!q.block_state('gao:connected_up')",
                            "nd": "!q.block_state('gao:connected_down')",
                            "nl": "!q.block_state('gao:connected_north')",
                            "nr": "!q.block_state('gao:connected_south')",
        
                            "su": "!q.block_state('gao:connected_up')",
                            "sd": "!q.block_state('gao:connected_down')",
                            "sl": "!q.block_state('gao:connected_south')",
                            "sr": "!q.block_state('gao:connected_north')"
                        }
                    }
                }
            },
            {
                "condition": "(q.block_state('gao:connected_west') || q.block_state('gao:connected_west_b')) && (q.block_state('gao:connected_east') || q.block_state('gao:connected_east_b')) && (q.block_state('gao:connected_south') || q.block_state('gao:connected_south_b'))",
                "components": {
                    "minecraft:transformation": { "rotation": [0,180,0]},
                    "minecraft:selection_box": {
                        "origin": [-8, 0, -8],
                        "size": [16, 16, 9]
                    },
                    "minecraft:collision_box": {
                        "origin": [-1, 0, -8],
                        "size": [2, 16, 9]
                    },
                    "minecraft:geometry": {
                        "identifier": "geometry.connected_pane_5",
                        "bone_visibility": {
                            "bup": "!q.block_state('gao:connected_up')",
                            "bdown": "!q.block_state('gao:connected_down')",
        
                            "wu": "!q.block_state('gao:connected_up')",
                            "wd": "!q.block_state('gao:connected_down')",
                            "wl": "!q.block_state('gao:connected_south')",
        
                            "eu": "!q.block_state('gao:connected_up')",
                            "ed": "!q.block_state('gao:connected_down')",
                            "er": "!q.block_state('gao:connected_south')",
        
                            "nu": "!q.block_state('gao:connected_up')",
                            "nd": "!q.block_state('gao:connected_down')",
                            "nl": "!q.block_state('gao:connected_west')",
                            "nr": "!q.block_state('gao:connected_east')",
        
                            "su": "!q.block_state('gao:connected_up')",
                            "sd": "!q.block_state('gao:connected_down')",
                            "sl": "!q.block_state('gao:connected_east')",
                            "sr": "!q.block_state('gao:connected_west')"
                        }
                    }
                }
            },
            {
                "condition": "(q.block_state('gao:connected_north') || q.block_state('gao:connected_north_b')) && (q.block_state('gao:connected_east') || q.block_state('gao:connected_east_b')) && (q.block_state('gao:connected_west') || q.block_state('gao:connected_west_b'))",
                "components": {
                    "minecraft:transformation": { "rotation": [0,360,0]},
                    "minecraft:selection_box": {
                        "origin": [-8, 0, -8],
                        "size": [16, 16, 9]
                    },
                    "minecraft:collision_box": {
                        "origin": [-1, 0, -8],
                        "size": [2, 16, 9]
                    },
                    "minecraft:geometry": {
                        "identifier": "geometry.connected_pane_5",
                        "bone_visibility": {
                            "bup": "!q.block_state('gao:connected_up')",
                            "bdown": "!q.block_state('gao:connected_down')",
        
                            "wu": "!q.block_state('gao:connected_up')",
                            "wd": "!q.block_state('gao:connected_down')",
                            "wl": "!q.block_state('gao:connected_north')",
        
                            "eu": "!q.block_state('gao:connected_up')",
                            "ed": "!q.block_state('gao:connected_down')",
                            "er": "!q.block_state('gao:connected_north')",
        
                            "nu": "!q.block_state('gao:connected_up')",
                            "nd": "!q.block_state('gao:connected_down')",
                            "nl": "!q.block_state('gao:connected_east')",
                            "nr": "!q.block_state('gao:connected_west')",
        
                            "su": "!q.block_state('gao:connected_up')",
                            "sd": "!q.block_state('gao:connected_down')",
                            "sl": "!q.block_state('gao:connected_west')",
                            "sr": "!q.block_state('gao:connected_east')"
                        }
                    }
                }
            },



            {
                "condition": "(q.block_state('gao:connected_north') || q.block_state('gao:connected_north_b')) && (q.block_state('gao:connected_south') || q.block_state('gao:connected_south_b')) && (q.block_state('gao:connected_east') || q.block_state('gao:connected_east_b')) && (q.block_state('gao:connected_west') || q.block_state('gao:connected_west_b'))",
                "components": {
                    "minecraft:selection_box": {
                        "origin": [-8, 0, -8],
                        "size": [16, 16, 16]
                    },
                    "minecraft:collision_box": {
                        "origin": [-1, 0, -1],
                        "size": [2, 16, 2]
                    },
                    "minecraft:geometry": {
                        "identifier": "geometry.connected_pane_6",
                        "bone_visibility": {
                            "bup": "!q.block_state('gao:connected_up')",
                            "bdown": "!q.block_state('gao:connected_down')",
        
                            "wu": "!q.block_state('gao:connected_up')",
                            "wd": "!q.block_state('gao:connected_down')",
                            "wl": "!q.block_state('gao:connected_north')",
                            "wr": "!q.block_state('gao:connected_south')",
        
                            "eu": "!q.block_state('gao:connected_up')",
                            "ed": "!q.block_state('gao:connected_down')",
                            "el": "!q.block_state('gao:connected_south')",
                            "er": "!q.block_state('gao:connected_north')",
        
                            "nu": "!q.block_state('gao:connected_up')",
                            "nd": "!q.block_state('gao:connected_down')",
                            "nl": "!q.block_state('gao:connected_east')",
                            "nr": "!q.block_state('gao:connected_west')",
        
                            "su": "!q.block_state('gao:connected_up')",
                            "sd": "!q.block_state('gao:connected_down')",
                            "sl": "!q.block_state('gao:connected_west')",
                            "sr": "!q.block_state('gao:connected_east')"
                        }
                    }
                }
            }
        ]
    }
}