{
  "format_version": "1.21.60",
  "minecraft:crafting_items_catalog": {
    "categories": [
      {
        "category_name": "construction",
        "groups": [
          {
            "group_identifier": {
              "icon": "gao:connected_glass",
              "name": "gao:connected_glass"
            },
            "items": [
              "gao:connected_glass",
              "gao:connected_white_glass",
              "gao:connected_light_gray_glass",
              "gao:connected_gray_glass",
              "gao:connected_black_glass",
              "gao:connected_brown_glass",
              "gao:connected_red_glass",
              "gao:connected_orange_glass",
              "gao:connected_yellow_glass",
              "gao:connected_lime_glass",
              "gao:connected_green_glass",
              "gao:connected_cyan_glass",
              "gao:connected_light_blue_glass",
              "gao:connected_blue_glass",
              "gao:connected_purple_glass",
              "gao:connected_magenta_glass",
              "gao:connected_pink_glass",
              "gao:connected_tinted_glass"
            ]
          }
        ]
      },
      {
        "category_name": "construction",
        "groups": [
          {
            "group_identifier": {
              "icon": "gao:connected_glass_pane",
              "name": "gao:connected_glass_panes"
            },
            "items": [
              "gao:connected_glass_pane",
              "gao:connected_white_glass_pane",
              "gao:connected_light_gray_glass_pane",
              "gao:connected_gray_glass_pane",
              "gao:connected_black_glass_pane",
              "gao:connected_brown_glass_pane",
              "gao:connected_red_glass_pane",
              "gao:connected_orange_glass_pane",
              "gao:connected_yellow_glass_pane",
              "gao:connected_lime_glass_pane",
              "gao:connected_green_glass_pane",
              "gao:connected_cyan_glass_pane",
              "gao:connected_light_blue_glass_pane",
              "gao:connected_blue_glass_pane",
              "gao:connected_purple_glass_pane",
              "gao:connected_magenta_glass_pane",
              "gao:connected_pink_glass_pane"
            ]
          }
        ]
      }
    ]
  }
}