{
  "format_version":"1.18.10",
  "tiers": [
    {
      "total_exp_required": 0,
      "groups": [
        {
          "num_to_select": 1,
          "trades": [
            {
              "wants": [
                {
                  "item": "minecraft:string",
                  "quantity": 20,
                  "price_multiplier": 0.05
                }
              ],
              "gives": [
                {
                  "item": "minecraft:emerald",
                  "quantity": 1
                }
              ],
              "trader_exp": 2,
              "max_uses": 99999999999,
              "reward_exp": true
            },
            {
              "wants": [
                {
                  "item": "minecraft:coal:0",
                  "quantity": 10,
                  "price_multiplier": 0.05
                }
              ],
              "gives": [
                {
                  "item": "minecraft:emerald",
                  "quantity": 1
                }
              ],
              "trader_exp": 2,
              "max_uses": 99999999999,
              "reward_exp": true
            }
          ]
        },
        {
          "num_to_select": 1,
          "trades": [
            {
              "wants": [
                {
                  "item": "minecraft:emerald",
                  "quantity": 3,
                  "price_multiplier": 0.05
                }
              ],
              "gives": [
                {
                  "item": "minecraft:bucket:2",
                  "quantity": 1
                }
              ],
              "trader_exp": 1,
              "max_uses": 99999999999,
              "reward_exp": true
            },
            {
              "wants": [
                {
                  "item": "minecraft:emerald",
                  "quantity": 1,
                  "price_multiplier": 0.05
                },
                {
                  "item": "minecraft:fish",
                  "quantity": 6
                }
              ],
              "gives": [
                {
                  "item": "minecraft:cooked_fish",
                  "quantity": 6
                }
              ],
              "trader_exp": 1,
              "max_uses": 99999999999,
              "reward_exp": true
            }
          ]
        }
      ]
    },
    {
      "total_exp_required": 10,
      "groups": [
        {
          "num_to_select": 1,
          "trades": [
            {
              "wants": [
                {
                  "item": "minecraft:fish",
                  "quantity": 15,
                  "price_multiplier": 0.05
                }
              ],
              "gives": [
                {
                  "item": "minecraft:emerald",
                  "quantity": 1
                }
              ],
              "trader_exp": 10,
              "max_uses": 99999999999,
              "reward_exp": true
            }
          ]
        },
        {
          "num_to_select": 1,
          "trades": [
            {
              "wants": [
                {
                  "item": "minecraft:emerald",
                  "quantity": 2,
                  "price_multiplier": 0.05
                }
              ],
              "gives": [
                {
                  "item": "minecraft:campfire",
                  "quantity": 1
                }
              ],
              "trader_exp": 5,
              "max_uses": 99999999999,
              "reward_exp": true
            },
            {
              "wants": [
                {
                  "item": "minecraft:emerald",
                  "quantity": 1,
                  "price_multiplier": 0.05
                },
                {
                  "item": "minecraft:salmon",
                  "quantity": 6
                }
              ],
              "gives": [
                {
                  "item": "minecraft:cooked_salmon",
                  "quantity": 6
                }
              ],
              "trader_exp": 5,
              "max_uses": 99999999999,
              "reward_exp": true
            }
          ]
        }
      ]
    },
    {
      "total_exp_required": 70,
      "groups": [
        {
          "num_to_select": 1,
          "trades": [
            {
              "wants": [
                {
                  "item": "minecraft:salmon",
                  "quantity": 13,
                  "price_multiplier": 0.05
                }
              ],
              "gives": [
                {
                  "item": "minecraft:emerald",
                  "quantity": 1
                }
              ],
              "trader_exp": 20,
              "max_uses": 99999999999,
              "reward_exp": true
            }
          ]
        },
        {
          "num_to_select": 1,
          "trades": [
            {
              "wants": [
                {
                  "item": "minecraft:emerald",
                  "quantity": 3,
                  "price_multiplier": 0.2
                }
              ],
              "gives": [
                {
                  "item": "minecraft:fishing_rod",
                  "quantity": 1,
                  "functions": [
                    {
                      "function": "enchant_with_levels",
                      "treasure": false,
                      "levels": {
                        "min": 5,
                        "max": 19
                      }
                    }
                  ]
                }
              ],
              "trader_exp": 10,
              "max_uses": 99999999999,
              "reward_exp": true
            }
          ]
        }
      ]
    },
    {
      "total_exp_required": 150,
      "groups": [
        {
          "num_to_select": 1,
          "trades": [
            {
              "wants": [
                {
                  "item": "minecraft:clownfish",
                  "quantity": 6,
                  "price_multiplier": 0.05
                }
              ],
              "gives": [
                {
                  "item": "minecraft:emerald",
                  "quantity": 1
                }
              ],
              "trader_exp": 30,
              "max_uses": 99999999999,
              "reward_exp": true
            }
          ]
        }
      ]
    },
    {
      "total_exp_required": 250,
      "groups": [
        {
          "trades": [
            {
              "wants": [
                {
                  "item": "minecraft:pufferfish",
                  "quantity": 4,
                  "price_multiplier": 0.05
                }
              ],
              "gives": [
                {
                  "item": "minecraft:emerald",
                  "quantity": 1
                }
              ],
              "trader_exp": 30,
              "max_uses": 99999999999,
              "reward_exp": true
            },
            {
              "wants": [
                {
                  "choice" : [
                    {
                      "item": "minecraft:oak_boat",
                      "quantity": 1,
                      "price_multiplier": 0.05,
                      "filters": { "test": "is_mark_variant", "subject": "self", "value": 0, "operator": "="}
                    },
                    {
                      "item": "minecraft:spruce_boat",
                      "quantity": 1,
                      "price_multiplier": 0.05,
                      "filters": {
                        "any_of": [
                          { "test": "is_mark_variant", "subject": "self", "value": 4, "operator": "="},
                          { "test": "is_mark_variant", "subject": "self", "value": 6, "operator": "="}
                        ]
                      }
                    },
                    {
                      "item": "minecraft:jungle_boat",
                      "quantity": 1,
                      "price_multiplier": 0.05,
                      "filters": {
                        "any_of": [
                          { "test": "is_mark_variant", "subject": "self", "value": 1, "operator": "="},
                          { "test": "is_mark_variant", "subject": "self", "value": 2, "operator": "="}
                        ]
                      }
                    },
                    {
                      "item": "minecraft:acacia_boat",
                      "quantity": 1,
                      "price_multiplier": 0.05,
                      "filters": { "test": "is_mark_variant", "subject": "self", "value": 3, "operator": "="}
                    },
                    {
                      "item": "minecraft:dark_oak_boat",
                      "quantity": 1,
                      "price_multiplier": 0.05,
                      "filters": { "test": "is_mark_variant", "subject": "self", "value": 5, "operator": "="}
                    }
                  ]
                }
              ],
              "gives": [
                {
                  "item": "minecraft:emerald",
                  "quantity": 1
                }
              ],
              "trader_exp": 30,
              "max_uses": 99999999999,
              "reward_exp": true
            }
          ]
        }
      ]
    }
  ]
}
