{
  "tiers": [
    {
      "total_exp_required": 0,
      "groups": [
        {
          "num_to_select": 1,
          "trades": [
            {
              "wants": [
                {
                  "item": "minecraft:stick",
                  "quantity": 32,
                  "price_multiplier": 0.1
                }
              ],
              "gives": [
                {
                  "item": "minecraft:emerald",
                  "quantity": 1
                }
              ],
              "trader_exp": 2,
              "max_uses": 99999999999,
              "reward_exp": true
            }
          ]
        },
        {
          "num_to_select": 1,
          "trades": [
            {
              "wants": [
                {
                  "item": "minecraft:emerald",
                  "quantity": 1,
                  "price_multiplier": 0.05
                }
              ],
              "gives": [
                {
                  "item": "minecraft:arrow",
                  "quantity": 16
                }
              ],
              "trader_exp": 1,
              "max_uses": 99999999999,
              "reward_exp": true
            },
            {
              "wants": [
                {
                  "item": "minecraft:emerald",
                  "quantity": 1,
                  "price_multiplier": 0.05
                },
                {
                  "item": "minecraft:gravel",
                  "quantity": 10,
                  "price_multiplier": 0.05
                }
              ],
              "gives": [
                {
                  "item": "minecraft:flint",
                  "quantity": 10
                }
              ],
              "trader_exp": 1,
              "max_uses": 99999999999,
              "reward_exp": true
            }
          ]
        }
      ]
    },
    {
      "total_exp_required": 10,
      "groups": [
        {
          "num_to_select": 1,
          "trades": [
            {
              "wants": [
                {
                  "item": "minecraft:flint",
                  "quantity": 26,
                  "price_multiplier": 0.05
                }
              ],
              "gives": [
                {
                  "item": "minecraft:emerald",
                  "quantity": 1
                }
              ],
              "trader_exp": 10,
              "max_uses": 99999999999,
              "reward_exp": true
            }
          ]
        },
        {
          "num_to_select": 1,
          "trades": [
            {
              "wants": [
                {
                  "item": "minecraft:emerald",
                  "quantity": 2,
                  "price_multiplier": 0.05
                }
              ],
              "gives": [
                {
                  "item": "minecraft:bow",
                  "quantity": 1
                }
              ],
              "trader_exp": 5,
              "max_uses": 99999999999,
              "reward_exp": true
            }
          ]
        }
      ]
    },
    {
      "total_exp_required": 70,
      "groups": [
        {
          "num_to_select": 1,
          "trades": [
            {
              "wants": [
                {
                  "item": "minecraft:string",
                  "quantity": 14,
                  "price_multiplier": 0.05
                }
              ],
              "gives": [
                {
                  "item": "minecraft:emerald",
                  "quantity": 1
                }
              ],
              "trader_exp": 20,
              "max_uses": 99999999999,
              "reward_exp": true
            }
          ]
        },
        {
          "num_to_select": 1,
          "trades": [
            {
              "wants": [
                {
                  "item": "minecraft:emerald",
                  "quantity": 3,
                  "price_multiplier": 0.05
                }
              ],
              "gives": [
                {
                  "item": "minecraft:crossbow",
                  "quantity": 1
                }
              ],
              "trader_exp": 10,
              "max_uses": 99999999999,
              "reward_exp": true
            }
          ]
        }
      ]
    },
    {
      "total_exp_required": 150,
      "groups": [
        {
          "num_to_select": 1,
          "trades": [
            {
              "wants": [
                {
                  "item": "minecraft:feather",
                  "quantity": 24,
                  "price_multiplier": 0.05
                }
              ],
              "gives": [
                {
                  "item": "minecraft:emerald",
                  "quantity": 1
                }
              ],
              "trader_exp": 30,
              "max_uses": 99999999999,
              "reward_exp": true
            }
          ]
        },
        {
          "num_to_select": 1,
          "trades": [
            {
              "wants": [
                {
                  "item": "minecraft:emerald",
                  "quantity": 2,
                  "price_multiplier": 0.05
                }
              ],
              "gives": [
                {
                  "item": "minecraft:bow",
                  "quantity": 1,
                  "functions": [
                    {
                      "function": "enchant_with_levels",
                      "treasure": false,
                      "levels": {
                        "min": 5,
                        "max": 19
                      }
                    }
                  ]
                }
              ],
              "trader_exp": 15,
              "max_uses": 99999999999,
              "reward_exp": true
            }
          ]
        }
      ]
    },
    {
      "total_exp_required": 250,
      "groups": [
        {
          "num_to_select": 1,
          "trades": [
            {
              "wants": [
                {
                  "item": "minecraft:tripwire_hook",
                  "quantity": 8,
                  "price_multiplier": 0.05
                }
              ],
              "gives": [
                {
                  "item": "minecraft:emerald",
                  "quantity": 1
                }
              ],
              "trader_exp": 30,
              "max_uses": 99999999999,
              "reward_exp": true
            }
          ]
        },
        {
          "num_to_select": 1,
          "trades": [
            {
              "wants": [
                {
                  "item": "minecraft:emerald",
                  "quantity": 3,
                  "price_multiplier": 0.05
                }
              ],
              "gives": [
                {
                  "item": "minecraft:crossbow",
                  "quantity": 1,
                  "functions": [
                    {
                      "function": "enchant_with_levels",
                      "treasure": false,
                      "levels": {
                        "min": 5,
                        "max": 19
                      }
                    }
                  ]
                }
              ],
              "trader_exp": 15,
              "max_uses": 99999999999,
              "reward_exp": true
            },
            {
              "wants": [
                {
                  "item": "minecraft:emerald",
                  "quantity": 2,
                  "price_multiplier": 0.05
                },
                {
                  "item": "minecraft:arrow",
                  "quantity": 5,
                  "price_multiplier": 0.05
                }
              ],
              "gives": [
                {
                  "choice": [
                    {
                      "item": "minecraft:arrow",
                      "quantity": 5,
                      "functions": [
                        {
                          "function": "set_potion",
                          "id": "nightvision"
                        }
                      ]
                    },
                    {
                      "item": "minecraft:arrow",
                      "quantity": 5,
                      "functions": [
                        {
                          "function": "set_potion",
                          "id": "invisibility"
                        }
                      ]
                    },
                    {
                      "item": "minecraft:arrow",
                      "quantity": 5,
                      "functions": [
                        {
                          "function": "set_potion",
                          "id": "leaping"
                        }
                      ]
                    },
                    {
                      "item": "minecraft:arrow",
                      "quantity": 5,
                      "functions": [
                        {
                          "function": "set_potion",
                          "id": "fire_resistance"
                        }
                      ]
                    },
                    {
                      "item": "minecraft:arrow",
                      "quantity": 5,
                      "functions": [
                        {
                          "function": "set_potion",
                          "id": "swiftness"
                        }
                      ]
                    },
                    {
                      "item": "minecraft:arrow",
                      "quantity": 5,
                      "functions": [
                        {
                          "function": "set_potion",
                          "id": "slowness"
                        }
                      ]
                    },
                    {
                      "item": "minecraft:arrow",
                      "quantity": 5,
                      "functions": [
                        {
                          "function": "set_potion",
                          "id": "water_breathing"
                        }
                      ]
                    },
                    {
                      "item": "minecraft:arrow",
                      "quantity": 5,
                      "functions": [
                        {
                          "function": "set_potion",
                          "id": "healing"
                        }
                      ]
                    },
                    {
                      "item": "minecraft:arrow",
                      "quantity": 5,
                      "functions": [
                        {
                          "function": "set_potion",
                          "id": "harming"
                        }
                      ]
                    },
                    {
                      "item": "minecraft:arrow",
                      "quantity": 5,
                      "functions": [
                        {
                          "function": "set_potion",
                          "id": "poison"
                        }
                      ]
                    },
                    {
                      "item": "minecraft:arrow",
                      "quantity": 5,
                      "functions": [
                        {
                          "function": "set_potion",
                          "id": "regeneration"
                        }
                      ]
                    },
                    {
                      "item": "minecraft:arrow",
                      "quantity": 5,
                      "functions": [
                        {
                          "function": "set_potion",
                          "id": "strength"
                        }
                      ]
                    },
                    {
                      "item": "minecraft:arrow",
                      "quantity": 5,
                      "functions": [
                        {
                          "function": "set_potion",
                          "id": "weakness"
                        }
                      ]
                    },
                    {
                      "item": "minecraft:arrow",
                      "quantity": 5,
                      "functions": [
                        {
                          "function": "set_potion",
                          "id": "turtle_master"
                        }
                      ]
                    },
                    {
                      "item": "minecraft:arrow",
                      "quantity": 5,
                      "functions": [
                        {
                          "function": "set_potion",
                          "id": "wither"
                        }
                      ]
                    }
                  ]
                }
              ],
              "trader_exp": 30,
              "max_uses": 99999999999,
              "reward_exp": true
            }
          ]
        }
      ]
    }
  ]
}
