{
  "tiers": [
    {
      "total_exp_required": 0,
      "groups": [
        {
          "num_to_select": 1,
          "trades": [
            {
              "wants": [
                {
                  "item": "minecraft:leather",
                  "quantity": 6,
                  "price_multiplier": 0.05
                }
              ],
              "gives": [
                {
                  "item": "minecraft:emerald",
                  "quantity": 1
                }
              ],
              "trader_exp": 2,
              "max_uses": 99999999999,
              "reward_exp": true
            }
          ]
        },
        {
          "num_to_select": 1,
          "trades": [
            {
              "wants": [
                {
                  "item": "minecraft:emerald",
                  "quantity": 3,
                  "price_multiplier": 0.2
                }
              ],
              "gives": [
                {
                  "item": "minecraft:leather_leggings",
                  "quantity": 1,
                  "functions": [
                    {
                      "function": "random_dye"
                    }
                  ]
                }
              ],
              "trader_exp": 1,
              "max_uses": 99999999999,
              "reward_exp": true
            },
            {
              "wants": [
                {
                  "item": "minecraft:emerald",
                  "quantity": 7,
                  "price_multiplier": 0.2
                }
              ],
              "gives": [
                {
                  "item": "minecraft:leather_chestplate",
                  "quantity": 1,
                  "functions": [
                    {
                      "function": "random_dye"
                    }
                  ]
                }
              ],
              "trader_exp": 1,
              "max_uses": 99999999999,
              "reward_exp": true
            }
          ]
        }
      ]
    },
    {
      "total_exp_required": 10,
      "groups": [
        {
          "num_to_select": 1,
          "trades": [
            {
              "wants": [
                {
                  "item": "minecraft:flint",
                  "quantity": 26,
                  "price_multiplier": 0.05
                }
              ],
              "gives": [
                {
                  "item": "minecraft:emerald",
                  "quantity": 1
                }
              ],
              "trader_exp": 10,
              "max_uses": 99999999999,
              "reward_exp": true
            }
          ]
        },
        {
          "num_to_select": 1,
          "trades": [
            {
              "wants": [
                {
                  "item": "minecraft:emerald",
                  "quantity": 5,
                  "price_multiplier": 0.2
                }
              ],
              "gives": [
                {
                  "item": "minecraft:leather_helmet",
                  "quantity": 1,
                  "functions": [
                    {
                      "function": "random_dye"
                    }
                  ]
                }
              ],
              "trader_exp": 5,
              "max_uses": 99999999999,
              "reward_exp": true
            },
            {
              "wants": [
                {
                  "item": "minecraft:emerald",
                  "quantity": 4,
                  "price_multiplier": 0.2
                }
              ],
              "gives": [
                {
                  "item": "minecraft:leather_boots",
                  "quantity": 1,
                  "functions": [
                    {
                      "function": "random_dye"
                    }
                  ]
                }
              ],
              "trader_exp": 5,
              "max_uses": 99999999999,
              "reward_exp": true
            }
          ]
        }
      ]
    },
    {
      "total_exp_required": 70,
      "groups": [
        {
          "num_to_select": 1,
          "trades": [
            {
              "wants": [
                {
                  "item": "minecraft:rabbit_hide",
                  "quantity": 9,
                  "price_multiplier": 0.05
                }
              ],
              "gives": [
                {
                  "item": "minecraft:emerald",
                  "quantity": 1
                }
              ],
              "trader_exp": 20,
              "max_uses": 99999999999,
              "reward_exp": true
            }
          ]
        },
        {
          "num_to_select": 1,
          "trades": [
            {
              "wants": [
                {
                  "item": "minecraft:emerald",
                  "quantity": 7,
                  "price_multiplier": 0.2
                }
              ],
              "gives": [
                {
                  "item": "minecraft:leather_chestplate",
                  "quantity": 1,
                  "functions": [
                    {
                      "function": "random_dye"
                    }
                  ]
                }
              ],
              "trader_exp": 10,
              "max_uses": 99999999999,
              "reward_exp": true
            }
          ]
        }
      ]
    },
    {
      "total_exp_required": 150,
      "groups": [
        {
          "num_to_select": 1,
          "trades": [
            {
              "wants": [
                {
                  "item": "minecraft:turtle_shell_piece",
                  "quantity": 4,
                  "price_multiplier": 0.05
                }
              ],
              "gives": [
                {
                  "item": "minecraft:emerald",
                  "quantity": 1
                }
              ],
              "trader_exp": 30,
              "max_uses": 99999999999,
              "reward_exp": true
            }
          ]
        },
        {
          "num_to_select": 1,
          "trades": [
            {
              "wants": [
                {
                  "item": "minecraft:emerald",
                  "quantity": 6,
                  "price_multiplier": 0.2
                }
              ],
              "gives": [
                {
                  "item": "minecraft:horsearmorleather",
                  "quantity": 1,
                  "functions": [
                    {
                      "function": "random_dye"
                    }
                  ]
                }
              ],
              "trader_exp": 15,
              "max_uses": 99999999999,
              "reward_exp": true
            }
          ]
        }
      ]
    },
    {
      "total_exp_required": 250,
      "groups": [
        {
          "num_to_select": 1,
          "trades": [
            {
              "wants": [
                {
                  "item": "minecraft:emerald",
                  "quantity": 5,
                  "price_multiplier": 0.2
                }
              ],
              "gives": [
                {
                  "item": "minecraft:leather_helmet",
                  "quantity": 1,
                  "functions": [
                    {
                      "function": "random_dye"
                    }
                  ]
                }
              ],
              "trader_exp": 30,
              "max_uses": 99999999999,
              "reward_exp": true
            },
            {
              "wants": [
                {
                  "item": "minecraft:emerald",
                  "quantity": 6,
                  "price_multiplier": 0.2
                }
              ],
              "gives": [
                {
                  "item": "minecraft:saddle",
                  "quantity": 1
                }
              ],
              "trader_exp": 30,
              "max_uses": 99999999999,
              "reward_exp": true
            }
          ]
        }
      ]
    }
  ]
}
