{
    "format_version": "1.21.70",
    "minecraft:block": {
        "description": {
            "identifier": "gao:connected_yellow_glass", 
            "states": {
                "gao:connected_north": [false, true],
                "gao:connected_east": [false, true],
                "gao:connected_south": [false, true],
                "gao:connected_west": [false, true],
                "gao:connected_up": [false, true],
                "gao:connected_down": [false, true]
            }
        },
        "components": {
            "gao:connected_block": {},
            "minecraft:item_visual": {
                "geometry": "minecraft:geometry.full_block",
                "material_instances": {
                    "*": {
                        "texture": "yellow_stained_glass",
                        "render_method": "blend"
                    }
                }
            },
            "minecraft:light_dampening": 0,
            "minecraft:loot": "loot_tables/empty.json", 
            "minecraft:destructible_by_mining": {
                "seconds_to_destroy": 0.3
            },
            "minecraft:material_instances": {
                "base": {
                    "texture": "gao:cglass_base_yellow",
                    "render_method": "blend" ,
                    "ambient_occlusion": false
                },
                "*": {
                    "texture": "gao:cglass_border_yellow",
                    "render_method": "blend" ,
                    "ambient_occlusion": false
                }
            },
            "minecraft:display_name": "Connected Yellow Glass",
            
            "minecraft:geometry": {
                "identifier": "geometry.connected_glass",
                "bone_visibility": {
                    "bu": "!q.block_state('gao:connected_up')",
                    "bd": "!q.block_state('gao:connected_down')",
                    "bn": "!q.block_state('gao:connected_north')",
                    "bs": "!q.block_state('gao:connected_south')",
                    "bw": "!q.block_state('gao:connected_west')",
                    "be": "!q.block_state('gao:connected_east')",

                    "wu": "!q.block_state('gao:connected_up') && !q.block_state('gao:connected_west')",
                    "wd": "!q.block_state('gao:connected_down') && !q.block_state('gao:connected_west')",
                    "wl": "!q.block_state('gao:connected_north') && !q.block_state('gao:connected_west')",
                    "wr": "!q.block_state('gao:connected_south') && !q.block_state('gao:connected_west')",

                    "eu": "!q.block_state('gao:connected_up') && !q.block_state('gao:connected_east')",
                    "ed": "!q.block_state('gao:connected_down') && !q.block_state('gao:connected_east')",
                    "el": "!q.block_state('gao:connected_south') && !q.block_state('gao:connected_east')",
                    "er": "!q.block_state('gao:connected_north') && !q.block_state('gao:connected_east')",

                    "nu": "!q.block_state('gao:connected_up') && !q.block_state('gao:connected_north')",
                    "nd": "!q.block_state('gao:connected_down') && !q.block_state('gao:connected_north')",
                    "nl": "!q.block_state('gao:connected_east') && !q.block_state('gao:connected_north')",
                    "nr": "!q.block_state('gao:connected_west') && !q.block_state('gao:connected_north')",

                    "su": "!q.block_state('gao:connected_up') && !q.block_state('gao:connected_south')",
                    "sd": "!q.block_state('gao:connected_down') && !q.block_state('gao:connected_south')",
                    "sl": "!q.block_state('gao:connected_west') && !q.block_state('gao:connected_south')",
                    "sr": "!q.block_state('gao:connected_east') && !q.block_state('gao:connected_south')",

                    "uu": "!q.block_state('gao:connected_north') && !q.block_state('gao:connected_up')",
                    "ud": "!q.block_state('gao:connected_south') && !q.block_state('gao:connected_up')",
                    "ul": "!q.block_state('gao:connected_west') && !q.block_state('gao:connected_up')",
                    "ur": "!q.block_state('gao:connected_east') && !q.block_state('gao:connected_up')",

                    "du": "!q.block_state('gao:connected_north') && !q.block_state('gao:connected_down')",
                    "dd": "!q.block_state('gao:connected_south') && !q.block_state('gao:connected_down')",
                    "dl": "!q.block_state('gao:connected_east') && !q.block_state('gao:connected_down')",
                    "dr": "!q.block_state('gao:connected_west') && !q.block_state('gao:connected_down')"
                }
            }
        }
    }
}